Subject,Frontal Pole,Insular Cortex,Superior Frontal Gyrus,Middle Frontal Gyrus,"Inferior Frontal Gyrus, pars triangularis","Inferior Frontal Gyrus, pars opercularis",Precentral Gyrus,Temporal Pole,"Superior Temporal Gyrus, anterior division","Superior Temporal Gyrus, posterior division","Middle Temporal Gyrus, anterior division","Middle Temporal Gyrus, posterior division","Middle Temporal Gyrus, temporooccipital part","Inferior Temporal Gyrus, anterior division","Inferior Temporal Gyrus, posterior division","Inferior Temporal Gyrus, temporooccipital part",Postcentral Gyrus,Superior Parietal Lobule,"Supramarginal Gyrus, anterior division","Supramarginal Gyrus, posterior division",Angular Gyrus,"Lateral Occipital Cortex, superior division","Lateral Occipital Cortex, inferior division",Intracalcarine Cortex,Frontal Medial Cortex,Juxtapositional Lobule Cortex (formerly Supplementary Motor Cortex),Subcallosal Cortex,Paracingulate Gyrus,"Cingulate Gyrus, anterior division","Cingulate Gyrus, posterior division",Precuneous Cortex,Cuneal Cortex,Frontal Orbital Cortex,"Parahippocampal Gyrus, anterior division","Parahippocampal Gyrus, posterior division",Lingual Gyrus,"Temporal Fusiform Cortex, anterior division","Temporal Fusiform Cortex, posterior division",Temporal Occipital Fusiform Cortex,Occipital Fusiform Gyrus,Frontal Opercular Cortex,Central Opercular Cortex,Parietal Opercular Cortex,Planum Polare,Heschl's Gyrus (includes H1 and H2),Planum Temporale,Supracalcarine Cortex,Occipital Pole,Left Cerebral White Matter,Left Cerebral Cortex,Left Lateral Ventricle,Left Thalamus,Left Caudate,Left Putamen,Left Pallidum,Brain-Stem,Left Hippocampus,Left Amygdala,Left Accumbens,Right Cerebral White Matter,Right Cerebral Cortex,Right Lateral Ventricle,Right Thalamus,Right Caudate,Right Putamen,Right Pallidum,Right Hippocampus,Right Amygdala,Right Accumbens,Substantia Nigra Right,Substantia Nigra Left
sub-0270,0.011413486129268072,0.01098310415572194,0.010253465567450845,0.010470565280168235,0.011631001962479834,0.010933297301345348,0.01126741147141929,0.008058188162669578,0.008130271657336235,0.010452066974545262,0.008607505844451226,0.011179027137670126,0.01017260168000233,0.009645053309696134,0.011204028949850356,0.010417910344949759,0.012473360309295908,0.011192087710863356,0.011523229465162956,0.011438984394322468,0.011484133735045367,0.011763832545594238,0.011730518304758396,0.011985862592183552,0.010531197525125864,0.01077575280397759,0.011161603170385646,0.011030485745696454,0.009603193927614252,0.010582737299766934,0.013007975711188247,0.013115850990898415,0.01024033960193264,0.010136342157924673,0.009291963267837525,0.01207744990829802,0.00929819855111106,0.010710631767598351,0.009900726532677165,0.010865010086207527,0.011174290281724696,0.012059717039344723,0.011299913494838644,0.008561314953409943,0.008354061714554158,0.010250958828541375,0.010543721410482767,0.012181249149899518,0.012213577917543027,0.01143393266574379,0.009865851913232353,0.010388836028619272,0.010566146085589031,0.009246445545528741,0.009638337633403207,0.010167132933828895,0.011395652329157112,0.010459989233779499,0.009887091278976284,0.012501606487607045,0.012155568526398304,0.00958754048902277,0.011064005148419948,0.009657652995984428,0.010348581635715512,0.009297493441991288,0.00829587287361694,0.008800920198823574,0.0106257460284154,0.007642415840760603,0.007719176137868163
sub-0205,0.00806299881947171,0.008100151323623886,0.008432196340454478,0.008537480148390751,0.008519140667707276,0.008345342967379482,0.008678334948007481,0.007925524219140641,0.008482613970400113,0.008496174827762175,0.008455227864995519,0.008690294079593966,0.008298920724127067,0.008189196227089116,0.008570539040479627,0.008447890139078446,0.00870641937311648,0.008823309873042357,0.008618617373994551,0.008552099470241641,0.008522564642068919,0.00873497278129995,0.009021985409071101,0.008341675550848464,0.008169896436603482,0.008530633905466739,0.008000223195899128,0.007861672822449917,0.007986216739641682,0.008305029905963197,0.008571388387449815,0.008666949053889714,0.008370806302779601,0.008033430221182554,0.008071689927100804,0.008520893796360628,0.008161552151617912,0.007926697544048681,0.008180911508007198,0.008235825138242113,0.007956984347406305,0.00810095472011403,0.00809735283071597,0.00804549201056373,0.008054839541370897,0.008194871590714727,0.008139115611093657,0.009211183563648546,0.008274346432788864,0.008541017160660634,0.00802698921368935,0.008071109371681092,0.007851640697109266,0.008284877696152484,0.008469384162701859,0.008192582326951765,0.00839446032991962,0.00840794166885556,0.008420781463995173,0.007979505684284816,0.008252483064510957,0.007906210189592306,0.007987336737505752,0.007815937592150055,0.008021142929319143,0.008095091759683851,0.00817162265779827,0.009426320298246815,0.009351787476806784,0.00867470785124244,0.010451127625574855
sub-0231,0.010883391397740779,0.01072408094592537,0.013459968014861849,0.011123937309604478,0.011169454424124604,0.01104450792297624,0.013045999628417067,0.007862662877963094,0.010838407129957072,0.008924675117597512,0.007855154098314361,0.009183378679604205,0.011300671201941762,0.009215684227383622,0.010086432701909507,0.010456815151648367,0.012941172899245674,0.013211493019397629,0.011416779219397457,0.011974975956878856,0.012970236554492347,0.012257456355141095,0.00966399935575123,0.010736583781789369,0.009974948687009181,0.012223303526780287,0.010256049977122405,0.009934648932857117,0.010129054875782402,0.013081662122260852,0.013717733413646361,0.011964787922127882,0.009132062207437905,0.00817642211776459,0.010870916763688652,0.011655803083431159,0.007848418697952168,0.009541986417747993,0.011925268234862696,0.01035516244488528,0.008407292066810028,0.008032643661721111,0.01074776295457333,0.008134476531215367,0.008984501323246265,0.008344024129198843,0.011313170562949957,0.00947820626638898,0.012853659459425645,0.012531437818401958,0.007317744758006084,0.008815151140748911,0.010196333928234599,0.007501701314096705,0.006873192683647005,0.010908634334672266,0.00929540348066018,0.010135688337988412,0.01100406083427691,0.012944287386493565,0.012541256524839842,0.007646086322716708,0.009958044993027378,0.009134751164690721,0.00934316963011561,0.009173363221413206,0.008073606723958193,0.00759387917057492,0.006212210330005011,0.006561434393678643,0.003043133306626725
sub-0240,0.012847626677127301,0.01147486619040632,0.012581429695414008,0.012058623970243333,0.01152127799545091,0.01046942960975973,0.012199585653856483,0.009404417781381309,0.00956652384133362,0.009665229214398698,0.01021014924880819,0.01248892239321201,0.012155471327884679,0.009388444762585864,0.009678692111343767,0.01102716507539798,0.011713747718766572,0.011636079944638661,0.01251110306659052,0.013249337023532494,0.0122540631140797,0.0124160820709595,0.01203587520015704,0.012615084625387683,0.00716772794981658,0.012550239881303984,0.009688755367946835,0.011110840089100358,0.0067327576942891685,0.010845032075955031,0.01359872771693874,0.013518495575843307,0.009879788012394808,0.010934803126104342,0.00940298719087874,0.012942689220338347,0.009622568958036384,0.008899082219084833,0.009812922028887082,0.013191117160437799,0.01112324570292225,0.010175929379445614,0.01117359744702785,0.007932823278075292,0.008650532730569328,0.010164829292625067,0.011552677591482444,0.010697393682293355,0.013202016663553157,0.012018214869609616,0.007961881217980703,0.009530445537569519,0.0099795760274348,0.011694251985947701,0.010301242510926057,0.010576554115371378,0.010488808017120209,0.008430773664210545,0.011399992095445942,0.012735333157768734,0.01240227683316749,0.0072856706740033715,0.006726060698566795,0.008680959459757349,0.008326781303918729,0.008581769724817471,0.008873148529870643,0.006381776362788182,0.00804420955946314,0.007185379240208568,0.005762386793313546
sub-0238,0.01072128194754465,0.008784199547718523,0.009308115788132596,0.009108421117491045,0.010489350490957498,0.010703440871041388,0.008949018062427129,0.007983120931349764,0.009651854561865694,0.00974202994271706,0.006331850922388802,0.006525482972732255,0.009272513532913529,0.008054961526149445,0.0091924634899496,0.007843144620576144,0.012335028055535343,0.009325444339935592,0.012128195383849714,0.012294902796394443,0.011675315560790208,0.011040118462016978,0.0069292440683523795,0.011927435107206152,0.0098997991685522,0.010611630446206506,0.007236771802691038,0.009873124692639653,0.010421825873794708,0.010592282845507145,0.012404874994662215,0.010563604682141372,0.011226240731179601,0.00816122769747094,0.010036281969018906,0.01198623058800221,0.004926391748809442,0.00958251575679298,0.010089123978014673,0.009999352899556656,0.0082085628834412,0.011290243225133164,0.009864651087285774,0.0070811701674060815,0.008968666344207054,0.0075942306842259385,0.007571924425012242,0.005840687445344004,0.012310324153520845,0.009636138996466254,0.008672579640146984,0.007142126880444738,0.008789053068791306,0.008521902580945873,0.01100607221943079,0.010449537492095984,0.008110682088604486,0.008695544452373664,0.008131008446493105,0.012790436093181309,0.010454660459147148,0.00881059919841902,0.00896098532845904,0.006449969094698972,0.008073193855592667,0.008078042697002857,0.009223741328450746,0.008113907622050021,0.007508252193008756,0.007877282164694577,0.008759891999288116
sub-0252,0.011054290248883587,0.009669128857077188,0.009777000690662027,0.010951880558876045,0.010490478675198802,0.010208079546782206,0.011544434274597172,0.007986641607660652,0.010900086587202783,0.011587062642112823,0.010791564608895202,0.011346223021167298,0.01133868105258782,0.011359882625297114,0.011527451646529026,0.012123353391054576,0.01141022620813337,0.011270765152829853,0.011439998996484499,0.011315928689546268,0.01076290527674744,0.011703198931752604,0.01210466315007644,0.010926530876493753,0.010424667819865969,0.009435055713889915,0.011533813827930724,0.007839759544186867,0.006627073190436095,0.01144347736700409,0.01060713146822853,0.01158552743462077,0.010218403176476501,0.009732960228897572,0.008770567715659481,0.011095395366312379,0.009960863977576957,0.01065983893825863,0.010195895622023773,0.011581128448274757,0.007580413226732852,0.008870917458931978,0.008421791011111063,0.008945106443921807,0.008213763644063888,0.008240510901773445,0.009097786770448887,0.011880269426944992,0.011867514477355018,0.011183275289047771,0.00899833246084672,0.01008011182332581,0.009171756109964674,0.010651295827602969,0.008773442561424372,0.008538652703343736,0.008719296754059018,0.010670419802844748,0.00908982333206324,0.01191019951960625,0.010733961956760914,0.008533947333128353,0.00958645678260249,0.010080570251253994,0.010380187713861526,0.010626634396942544,0.008549910536000823,0.007665400322100098,0.00884003689282623,0.009469031995977237,0.008834234863312238
sub-2132,0.008322974541423096,0.010696141605849918,0.010034111627256294,0.008745073511728813,0.011409099204081586,0.011972862202169593,0.010889496755683863,0.00980770704562233,0.009656671045059838,0.008993807251767209,0.010530078188801275,0.011434290578346567,0.011991197763469973,0.008505811326384182,0.008612081409492942,0.00882531949766973,0.009178750574037083,0.00969962553248828,0.010273734067540096,0.010541852439443635,0.01078547651401229,0.00937851572445494,0.011843759284478103,0.011350498351036024,0.007550257393050703,0.011032205705558502,0.008178655180915439,0.010326539386052361,0.008000482478372616,0.011500770454643277,0.012289236188263915,0.012177749789377027,0.00979303869294994,0.009928888297817988,0.010352593724874392,0.012004377302816763,0.00929479414687227,0.008379437398314671,0.0094736624324164,0.009323454369655534,0.008375499140268949,0.008361133753102047,0.008655077490264599,0.009871059987112001,0.006256342072969717,0.007906481823196693,0.010530153119652146,0.010721323020874841,0.010951013335252497,0.010958188325904136,0.008890304271270348,0.006794603498095793,0.009147010173468107,0.008626106900878701,0.009531210836833592,0.012835878585697414,0.009608637857285142,0.008735999072564053,0.010328711818801269,0.010200613365355488,0.010754468801171238,0.006397064419398999,0.006301245432773572,0.008003809076608087,0.008875080289066284,0.007864793341115032,0.009065410387032506,0.00811966458373032,0.008556398148956578,0.008008201137693504,0.008360529417247095
sub-2122,0.010984378462412084,0.012945625034199534,0.013022344094288993,0.012823740384865232,0.01253609010199661,0.012463674894755255,0.013001572451761634,0.011253897878850262,0.011918749319910698,0.011392074203436561,0.0127728160504445,0.0124094337335736,0.01151357163134489,0.01097635484003421,0.007502194786236632,0.011465878676280655,0.012666865160428987,0.013235133654936152,0.012881645177394232,0.01218298167586289,0.013182786041260188,0.013283572947160715,0.013655621199118733,0.012140927771115178,0.010565329147474893,0.010970243653796988,0.008265948163743118,0.012970536573203323,0.012844134182831368,0.012564731424010241,0.01274089430815713,0.012683272519483297,0.011292462969049776,0.008547388376065532,0.01028297460153079,0.013040855884976799,0.009376400308912467,0.007326418484445415,0.008294029572467136,0.012215039068031085,0.011878457701978252,0.011384393474537745,0.011074481382437041,0.012568546416330612,0.010854882143375558,0.01225580312077744,0.008889995074538642,0.013630937520303279,0.012366475051054008,0.013808096875159354,0.010998788071170775,0.011793847477780249,0.010897333766914244,0.01037950735499245,0.0119998337848607,0.012786825032545078,0.008650789090814815,0.011106298809275312,0.010367187683280694,0.013553848928212561,0.01328646690851612,0.011584972845960615,0.01145794895384283,0.007914674260896863,0.009922157921074965,0.009865031991411454,0.011627411051712336,0.010063104341293294,0.007325117149013331,0.006641288181757181,0.008938837466698773
sub-0272,0.011513163355304855,0.010771236671569836,0.009829372115280077,0.010263440650369325,0.010432031501364313,0.009905313431002802,0.010785035054813926,0.011213154849803434,0.007362064380212141,0.009758973677052786,0.010648358072530596,0.010455634845846083,0.008697104873955738,0.010028798440253077,0.009715275100767628,0.007385858963473036,0.010979027054992471,0.010576304749961964,0.010008659020849719,0.0093515652863906,0.00934854457883664,0.010715553651042183,0.01022638453367983,0.01088154341158697,0.010065730359824254,0.009049059983983112,0.010847140090867622,0.01011877019140662,0.009940471609094144,0.009922150969321067,0.011441166942569372,0.01073311068331601,0.01094276633654368,0.007985568145017947,0.007479373842560737,0.00948471950661509,0.00833736473468919,0.008175055048031173,0.009194705519094125,0.009912198382445826,0.009335535899127287,0.008810814236238067,0.008318238505070893,0.008431323781612002,0.009093797149289134,0.007145126489372677,0.006782610961091206,0.011766767614116382,0.011947886185364064,0.01149347083933784,0.010798591303755324,0.010635095529720895,0.008896966401101228,0.009619873500322642,0.008518822561565498,0.00952117470526458,0.009410416316496173,0.010204285411887972,0.008864450802311668,0.012663541608547617,0.011828726444163457,0.009076624155596746,0.009296500776186989,0.007758620657282918,0.009474388714331832,0.006780206852607594,0.008281949330609436,0.005077019262726893,0.00811178461259249,0.006161571470743281,0.0064939652865695805
sub-2130,0.011777417804637945,0.010822095393561037,0.010546068598750406,0.011324994462376104,0.011179618487983507,0.010313667326074086,0.011805742781662194,0.009056475736468278,0.008710599012260432,0.009557023829658102,0.009735217218053871,0.01008239304118217,0.009764760697183678,0.008654691969165703,0.009327090738120694,0.010024934840991864,0.01136525761895067,0.012262794349360137,0.01165375100591755,0.010891373372145923,0.011062284298080167,0.01205463416869703,0.01093639485824734,0.010565918372389772,0.010953447309252289,0.011060438705819096,0.009401269711152146,0.009841089928238836,0.009510993534064508,0.012094320770746968,0.012586110720102028,0.012354108669950672,0.010181639814694252,0.009007108450460686,0.00657529567032334,0.010643440011292358,0.008851512965847776,0.009616341452062445,0.008260557082122488,0.009991363206925568,0.010393289597577678,0.0061668958196042485,0.008532496333837675,0.008182908867039873,0.007626146063250868,0.007934099698646517,0.009340503511356481,0.012700846153353429,0.01145403699497849,0.011585501171707084,0.007941585747964669,0.009162589569855134,0.009036938333173523,0.008450183138678187,0.011250921914686709,0.011168901720324422,0.007520529895482788,0.007907553317901182,0.009147060483267069,0.01120026932775386,0.011152400397316053,0.009029995931384892,0.011637824186891809,0.009939352926538733,0.008019333260588624,0.008610113900081817,0.005672225440506677,0.007537285586239862,0.008842424537427744,0.007076040296114129,0.0063064024917506446
sub-2145,0.011432293223416627,0.01051917621757789,0.010559103422171518,0.010851902352111973,0.011493634746670929,0.010771710013396133,0.011937196492786468,0.00890559925970778,0.009678620221474189,0.010228050026843462,0.011034163137930722,0.010513516327168463,0.009607986006918342,0.010447996527911889,0.010207539740068224,0.010577993832649612,0.012544151590154404,0.011077758332226191,0.011689435719686952,0.011868305446061829,0.010897470753773566,0.010915710790290386,0.011993097726705197,0.012562228196853091,0.011677237991257089,0.010964284118911724,0.010436724249117832,0.010760187326655457,0.009055978953247964,0.011487282835346719,0.012539905924278531,0.009297047046037005,0.01088217033465535,0.009772034869264212,0.009904024631196136,0.011729611275631612,0.009564585696385615,0.010153557537151518,0.010767411952541472,0.010687553032682654,0.009770891478441405,0.010810636111492182,0.010353223455866761,0.009748510405958808,0.010115327746610309,0.010946904380150186,0.0084950447810373,0.010272304393827127,0.011728875737415535,0.011568065502877105,0.010433925180050683,0.009984905673552228,0.010630213154906951,0.011416834886436552,0.0100205107457135,0.01144734098964467,0.009893260973368978,0.010157250089893835,0.010145580505485972,0.01210384082598052,0.011250538705074524,0.009428938779346707,0.009747781970997559,0.00957917058630426,0.010118295351171874,0.00844229833139242,0.010482883391137692,0.01033828434397387,0.00845413608104221,0.00945833722955091,0.007541257521252054
sub-0264,0.011988460559401016,0.01094299696416567,0.012324243316918561,0.011652039596761754,0.013087268639830703,0.011085213484277438,0.01163569767930384,0.011237098594595474,0.012246984593366612,0.011318370440742109,0.012106317765280504,0.011354133109122916,0.011135597809281021,0.012832108781406728,0.012759740970071223,0.011658800876360353,0.011954678425185754,0.012305381067599062,0.010600525649567592,0.010398449485686013,0.011365826772954899,0.011152219294012807,0.010583468939557618,0.012931146723332143,0.012629199548269096,0.011521546465103732,0.012655871104077017,0.01266733818075497,0.011761147050214452,0.012816685158531184,0.01236914609393876,0.01082636931965763,0.012714919044682476,0.01094295288789927,0.01113486338525243,0.012368877349485077,0.011489582192070238,0.009574695872088868,0.012446714467271396,0.01134525239937414,0.009490313103347739,0.010782786595606173,0.010708880735842303,0.008026774530732587,0.010242049157832108,0.01161156110898056,0.009633559870588934,0.00762143563765657,0.012848411212708652,0.01263893166051267,0.011652352614188247,0.0124187606619997,0.01017246391203839,0.008744983510999324,0.010186756631693827,0.009969586941330448,0.010781683809549015,0.011049801383155861,0.010056692776961458,0.013113986384930977,0.013107264518357989,0.010646132136581908,0.011024688255869329,0.011456140684816886,0.009673143897834325,0.011321293142265147,0.010176591646906867,0.010739563606312775,0.012045853791849876,0.009109545365504663,0.007964095528114681
sub-2134,0.009581891202985872,0.011585720364689323,0.010148172999548068,0.009996341985693406,0.011123230417627021,0.012582587591077247,0.011788488120217325,0.010705500500589318,0.011248957929382287,0.009457891427261465,0.007505231369355009,0.009393599648783028,0.011085255792257323,0.010204682897452678,0.010074996088538252,0.011879440567345328,0.011140397378932736,0.0102576414858138,0.010320031626460868,0.010731435942492876,0.011382142064323777,0.013079718734788037,0.013038892143762582,0.011831373085922567,0.00988838676902227,0.010084220669953544,0.008474048770996634,0.009063180718136976,0.008720062109026436,0.01060967680170126,0.012642893623324256,0.012957166966523026,0.011313848830739447,0.012187543204048426,0.011277530398942883,0.01165801833618685,0.010616616546232398,0.011953916419998907,0.011513913146459902,0.013566133495903524,0.010088791616381447,0.011174265595585866,0.010495532254283525,0.011684676276771496,0.011337690286742903,0.0102054495100837,0.008346794713375225,0.013663150734046711,0.009788750631283557,0.012306495950696274,0.0065986065811349534,0.010339809369994927,0.009621261894753378,0.010527998479580636,0.011028150274838572,0.011573185229761845,0.00903510171539133,0.009654306659350947,0.006964640885381611,0.008344657993753567,0.01147073732926664,0.007007925040116606,0.006525519428205564,0.007823961567629842,0.010594739374389215,0.008486495711811655,0.010765462193984686,0.01082755767857725,0.008979326683411686,0.008289949990868737,0.008630569532438374
sub-0202,0.007722729601887917,0.007756827511600825,0.00798273841067846,0.008003505961792952,0.007931811485629693,0.007908084475525034,0.00810579311111872,0.007673013626550256,0.0077898850005459095,0.00770020134933632,0.007697776905415728,0.00769624907600717,0.007757006923588046,0.007699978844280648,0.008003597571120461,0.00773595455858152,0.00812575882200698,0.00814013223922666,0.0081107132271218,0.00801955037750245,0.007993405504798245,0.00807396047180745,0.0076743128992215,0.007787592251927896,0.007875941941706956,0.007906414320916707,0.007529683025700674,0.007694195403016182,0.007676352416772845,0.007761586224265002,0.007928495583326254,0.007901403943781094,0.007887596293669502,0.007566645026941013,0.007563253483415259,0.007636694481943734,0.007363212470050702,0.0072878690633561526,0.007578452130069424,0.00764706582298147,0.00789762423669773,0.007752856662667785,0.007750833771237728,0.007786074061993234,0.007823736315078829,0.007827236095967246,0.007846637969626293,0.007888869540537073,0.00769443299865108,0.00794412017367233,0.007729796044381327,0.007663651527572992,0.007720335848128813,0.0076759254095821175,0.007773959207085923,0.007408730790061153,0.007667326411212956,0.007775869444353181,0.007822953709357148,0.007638264891153432,0.007765501940831459,0.007501044248128085,0.007586894058585841,0.00760429696616483,0.008030618740843253,0.007405645146235214,0.00745039892779872,0.007391828302568687,0.0073518494757242045,0.007193744639458984,0.009285006367588696
sub-2141,0.010118786119012785,0.009842752797468277,0.009786012437971751,0.010626002901199867,0.008192411281037733,0.00887964926869176,0.010887215836628838,0.00933916296337649,0.007537545809062083,0.009626977787779739,0.008199142238494465,0.010018151538685018,0.011317981996201312,0.011780585592342897,0.010494322961806435,0.010168542355826895,0.011411135561641226,0.010922084001093194,0.010772281024357488,0.011236354378270634,0.010066259197342577,0.010539193853255115,0.009896889842975806,0.010216807627184514,0.009103136523577481,0.011320637727765016,0.009901592901213873,0.00676918939598194,0.006511021737006323,0.009962225521991927,0.011466586633333936,0.01077618261989482,0.009517657567580131,0.008830578483845048,0.0071247071749996,0.010459695037660784,0.010895524945637586,0.009304901898286156,0.006688829668810695,0.007599041612666339,0.0073844536397870645,0.007910937838636539,0.007454109727465342,0.007612975416981737,0.009012522027376004,0.00905771499418023,0.009745356003829822,0.0091637694324001,0.010975187709996075,0.010392837197664522,0.008814126862217983,0.009908754974137863,0.0076925036012087805,0.008747756771766929,0.009162227480798674,0.009953900228614337,0.00917730952107537,0.007409536666259719,0.010168017683775888,0.009769570860490987,0.010045288164973321,0.008218622877179638,0.008478970334705032,0.008749320444243192,0.008354029369535306,0.006953259426976049,0.007918603022383628,0.007768335348762128,0.008373075289507927,0.008252479941358965,0.007812768035297008
sub-0203,0.008065282526123057,0.007587290057610951,0.008153170067032553,0.007903470780715984,0.007757402557111698,0.008005882663575197,0.007855645858343425,0.007895557481585673,0.00786189152990988,0.007230074596118168,0.008013640885537066,0.007342146158004955,0.007166116174762215,0.007657524062395968,0.007422483592957613,0.006526575728794465,0.007720369845073444,0.007559779250560229,0.007684904390995458,0.007702940340615477,0.0074357427834467185,0.00742189104852361,0.007136923254079591,0.007791507304544866,0.007947260517997158,0.008014552369649776,0.007977574762565956,0.008229210530120129,0.00803926053125276,0.007019631652395588,0.007427085638962497,0.0072850304446973515,0.0076656265212518854,0.008282569176259493,0.007067646885107515,0.008001076981484008,0.008192082565660277,0.00788801643429594,0.0072073878837400525,0.007379878844008775,0.007945135194312938,0.007907758395894304,0.00829252281254613,0.007760956972217858,0.008374332205048483,0.008005966580023257,0.007696316214745968,0.007788894090402235,0.007711548411788092,0.007885570188861685,0.0077598232915174785,0.007630286825555594,0.007931708319495625,0.007277884685156514,0.007634080965570951,0.007226999998676588,0.007113401218000871,0.007635876847261492,0.007500645784873116,0.007534501572525677,0.007535386346504897,0.007900156565999688,0.00744757872126474,0.008127385403702055,0.007134493356656613,0.008334424150858367,0.007344687474497852,0.007255179359873332,0.008837309284827235,0.008388030979153947,0.010047757449050818
sub-0222,0.009201775518510685,0.010864003472075317,0.01173073714757488,0.010220211208590114,0.010057511399612024,0.010639870928617253,0.010003842337625126,0.008956680105959394,0.009686740813289336,0.010437900672872567,0.009301890912433677,0.010812872354297717,0.01147383700913672,0.009259875838117828,0.008654613521709199,0.010914774425509786,0.011324683255692976,0.010916773127932138,0.01059668809325226,0.011541727394803771,0.012174537429772514,0.012705750043585392,0.011879618694703435,0.012283663267581022,0.01001066897035374,0.009611873632281746,0.006237177226707026,0.008011249366815732,0.010328799030359959,0.010422149948076614,0.01203970244059047,0.013203193140026074,0.011243117812105881,0.00789694435943686,0.008232941685913334,0.011966540580177465,0.008438892255752903,0.008504954277147965,0.006193908814728053,0.008117540919905703,0.009523164468733691,0.008999087516652907,0.010514935373702091,0.009720341637815922,0.009866971229718977,0.009838747198705332,0.010181138750498241,0.013335557897030507,0.012561652408205242,0.010676824958830435,0.007966024508334436,0.006978477281088953,0.005606375484552838,0.011543601102011063,0.009694351813947396,0.007503239052307155,0.010037455179839977,0.00983366044341409,0.010926408637661365,0.011857151090773423,0.011440035545959503,0.00743632076483106,0.006380709257962844,0.007115936004559901,0.008220232223032113,0.0072827875361433135,0.00804178961269008,0.008111624319502226,0.007829021113374598,0.008145561214377393,0.007426182891204552
sub-0224,0.010358636690018934,0.008921966877609974,0.011289016239181302,0.011221566440813718,0.010120810546250638,0.009034447288271099,0.012317024610074962,0.008087893429978564,0.008474431787157777,0.009862095760905507,0.010810801705306326,0.010943421624283432,0.010468347806449074,0.009650286626797698,0.010126597684568214,0.011075639066387017,0.012243091326095372,0.011394583474974601,0.00860471754523125,0.008737031355039195,0.010042495835502312,0.010970625122158883,0.011695621637568519,0.011812633040033814,0.009032489539660416,0.010576957776862997,0.00826647980732782,0.008161862864445313,0.007161944082484243,0.012123446501074733,0.011667313781407425,0.009690972011902946,0.00776391625203933,0.00563637785745603,0.006782730583185366,0.007858736971149045,0.010418536289912482,0.009036078787288524,0.009589463623420417,0.01059150476312085,0.007651789198928265,0.0069424493552236975,0.00801909206682818,0.006384989922195871,0.008359752815134921,0.008943862492295571,0.010257288874613798,0.009740668690373594,0.012283640691705254,0.011386976819599161,0.008458340808923834,0.009460287787924803,0.0067611089380017215,0.00751768865832972,0.010098298536973586,0.005535294338926157,0.009713411512000985,0.00629782950590512,0.008350655869246095,0.009858437797808187,0.011722632314047663,0.0064726354536269485,0.007255672278364947,0.004662491001593325,0.006964275192882463,0.005888125454586249,0.005640485244630107,0.005057083954417199,0.0034902190910749095,0.005735429103236021,0.0045005027370570655
sub-2128,0.011038100100863191,0.010440097083028404,0.011354695534182037,0.010946079445975991,0.01151321055515303,0.011131983076281238,0.01190872731369951,0.011447561365060026,0.01078758059316632,0.009473239477767776,0.007940959586590553,0.0069693362473509735,0.009878443136439893,0.008810057435225964,0.0090919739163537,0.009596845065440972,0.012067065553652171,0.011981053464251696,0.01003568353694807,0.010753219536869226,0.009441136570873738,0.01177275342130201,0.011893907385547435,0.010451914388591983,0.006453631089898151,0.01031048978962813,0.007156381834135356,0.010882068474685622,0.010543705462709503,0.010836172745315556,0.012644508486858805,0.010348447909826102,0.00932916700989693,0.00717318187917121,0.008081160719570706,0.01178919376058476,0.008859492092882268,0.009023982504372976,0.011283387127659408,0.011366099943036017,0.0088895809475549,0.008632485716662277,0.007993622250196702,0.00892009920311151,0.00969926461231442,0.008620536267877144,0.009687136868811707,0.011698672814526592,0.012232637965823434,0.011694389042513976,0.008533770979998384,0.010178250421256722,0.009309296938752576,0.009932129050883347,0.0100670120807654,0.011233404552979841,0.006800249032500464,0.008128753298332528,0.00966347147504053,0.01133632778345272,0.011571736084064355,0.008761326916847653,0.005447756510669628,0.007248818615215361,0.009072414598098271,0.008742043780881071,0.008180419442432545,0.008930525349859057,0.006617609762072887,0.007055780283714049,0.008081692320848637
sub-0267,0.011439431347819254,0.008667400918004522,0.0096684774540819,0.009080721461689242,0.010114502914103572,0.009630469529172661,0.009017333285791749,0.010384959120284932,0.009304454341425076,0.008511199703555478,0.008482568418260861,0.00988457547302936,0.009473056228027243,0.010584371225146157,0.011069531186552845,0.00956861881636376,0.010404427356974224,0.010024061757723031,0.01008077281643544,0.010173285326775498,0.009213105810127815,0.010430703293428751,0.010980974347338716,0.010033760795691096,0.011555230787161678,0.01033699077538261,0.010442235907484696,0.00970438239208491,0.010237083041667601,0.00958907814588351,0.011147888400034668,0.011269419573438045,0.011725821862626724,0.010343927372836887,0.009059807407418094,0.009752170136285966,0.01090122232647575,0.010222008028732878,0.006857690112995657,0.0077820311795603276,0.008606620767108986,0.01070570722639553,0.010700793070707195,0.009128667239760574,0.008071478589005848,0.00892618548542595,0.00921536538633073,0.010401482276933771,0.010879567402811478,0.010140114492182587,0.008575217148058345,0.011212052350405248,0.009297120927659424,0.00968626798352999,0.009878849031016927,0.009490231663322574,0.00979678156554231,0.009936638949706738,0.01071178815907307,0.010856194263645022,0.01050916502071722,0.009503671733382022,0.006774790370965926,0.009576978881681188,0.009175256991038229,0.010412027973535392,0.009203407052057591,0.009123444242429614,0.010988924253143304,0.00909010956680258,0.009002060752625428
sub-0206,0.008259150992720342,0.0081449586472897,0.00851251882926334,0.008372076352050561,0.008503290109048676,0.008345250182965511,0.008363384676843012,0.008307398072875878,0.008384475433859579,0.008143308856757549,0.00812340201391599,0.007802542199101141,0.00799237212491146,0.008252089575683125,0.007676948946630198,0.008130318571453663,0.00837891310638907,0.008242124019157165,0.008211087389240507,0.008258981532573147,0.008154313826465363,0.008232008815043773,0.007929127576438363,0.008171333000172577,0.008408918937913635,0.00853210369120015,0.008021910622549026,0.008389128168017972,0.008176149773259566,0.008461122626178784,0.0084508407439822,0.008263935211364402,0.008197828736432768,0.008180240410633782,0.007931885510848521,0.008053416391897359,0.007926683383519,0.007797917106150597,0.00786226238739076,0.007978137254089718,0.00844746205528248,0.008629871357056014,0.008506475133650857,0.00857219308081389,0.008557129778540245,0.008335593347329305,0.008160062325297618,0.008154743539752042,0.008388937317830001,0.00832805607984645,0.008535158002079173,0.00846365151640464,0.008466156719644551,0.007847870500981504,0.008379364915270315,0.008633677759582679,0.008383581806335525,0.008434380469675097,0.0082051078956722,0.00822080928553262,0.008191680562028795,0.008415789242076895,0.0083445021345589,0.008429906224959451,0.007261994237757889,0.007321843026892525,0.007801263042150778,0.008205928767949936,0.006880271671390175,0.0077539011827821155,0.007497994823391216
sub-0243,0.0077797830093064915,0.00890084605445445,0.009770213548327748,0.010055694352979287,0.009738822808868548,0.00890353154153481,0.008940197225114922,0.008389957345605189,0.00778820224548451,0.007750454229593366,0.00731780980311987,0.008519532919722487,0.009206374736861502,0.010354995358767697,0.007137415758183331,0.009190298025988133,0.01022511920389165,0.00992882215502949,0.008162659236360337,0.00915628279864714,0.009487210429686616,0.010339327853475237,0.008919007985161348,0.009972146617930513,0.006844120642914094,0.010289249182734678,0.006614789892085361,0.008231187590967214,0.006978896277985007,0.010901890630578415,0.011747751958136508,0.010455243469498825,0.007016793178929591,0.007027624681149604,0.006392001809817533,0.009959446659671377,0.009070403039314081,0.006897175404346458,0.009227995327795283,0.009983126503609122,0.009645412058917367,0.0089075854623852,0.010712106997216428,0.0068776500558980465,0.008527392998535492,0.007009351459053406,0.00937105630533029,0.010714002922446923,0.011236287699368314,0.010041890317945511,0.007465775207607395,0.006352536807885086,0.007174381461638556,0.007954350786849564,0.008650842291031639,0.007319494607402152,0.008795266061862204,0.009320025049483567,0.007302901119101619,0.009837684713982093,0.010276978964359723,0.006727486676658867,0.006212785922228648,0.005778822973813396,0.007013322542082574,0.006395941894355367,0.006435921055261656,0.0056262204296267035,0.005358337275825391,0.006985552464000396,0.006372628940492754
sub-0230,0.013064327346377124,0.012224231290925864,0.012532473102752947,0.01231927758271515,0.012716357708598988,0.012213214384983474,0.01238532910880984,0.012769335225872683,0.01050802718132234,0.011528469531717505,0.012297618182145375,0.01198958953221458,0.01180552472525261,0.011600554884591361,0.011730030879142608,0.012001312922630843,0.012269643435680823,0.01198070454304813,0.011951375594459086,0.012080921363201349,0.011714710965302154,0.01227662615144691,0.012848902522269636,0.011887292485933001,0.01138393977467723,0.012507583992901286,0.010026038747090947,0.012068368382617283,0.010281283930854545,0.012155585289970407,0.01197654486951812,0.010286217882417228,0.012431518610186857,0.012101092894062086,0.011573734623362385,0.012319197289540139,0.011244202288232641,0.01154721158034341,0.010820221448959232,0.011067778677777279,0.01091995640002964,0.012768303435457972,0.01154793177246619,0.01207236880803215,0.011604461102286521,0.011532114817134159,0.010624562579624458,0.011187748561216565,0.01266799748686177,0.012576844017170519,0.010635182061658015,0.011822527849301436,0.010863982793232767,0.012382772537542986,0.011021050903521495,0.01233800320842299,0.011437015108192292,0.011340033707149295,0.011406884891937506,0.012723318637042324,0.013102333159657401,0.010884103523506891,0.010729478035180248,0.011401231433518679,0.011972803666123438,0.0109667132914724,0.012079140234275872,0.011360699801560917,0.009649756223982288,0.009984376702013454,0.008964514734704075
sub-0210,0.00961400537144713,0.007602052054415505,0.007721054474961047,0.007796332353780601,0.008142116656255059,0.007961499058930453,0.007829733588319456,0.008237847177532275,0.007767347554147541,0.007852911579527373,0.008116301069471824,0.00807511471754599,0.007612170741743035,0.007916864230512367,0.007396277003904582,0.007685808118364377,0.0077733300629921846,0.007812615190306835,0.00796387178930342,0.007634062298498208,0.007591166039350605,0.007648352745568203,0.007607417237162249,0.00780114433107179,0.007731796021571382,0.007820363690878542,0.007898675644567707,0.008648819934796638,0.007930028532330304,0.007622782297029553,0.0077652190702946116,0.007976381382737012,0.008145306691377675,0.006924523118284068,0.007522225076544005,0.007822889635164462,0.007874439199586627,0.0076656375744711585,0.007555460038173473,0.007668717427379581,0.007779095645433099,0.007602981705113301,0.007357357589211489,0.00753413172249339,0.007532267683178916,0.007695206765696958,0.008252971082157005,0.007898755248462395,0.007633232720972205,0.007775782304287215,0.007718448311495509,0.007825500692294575,0.008223098147121645,0.007565352547453821,0.007706956945705632,0.00765735462783179,0.007588265104386726,0.007696967228599245,0.007891858505624369,0.0076366128387862975,0.007781318025137643,0.007620476946017417,0.007803095365583385,0.007696342485116509,0.007364149129288117,0.007627442194641328,0.007119077736829812,0.007366741400161051,0.007002972904607383,0.007408227915868326,0.007434566939108078
sub-0207,0.00813957422430984,0.008021368323118947,0.008305846009888559,0.00818814566291501,0.008409869703571405,0.008143733784964037,0.00831426642114776,0.008430599392097652,0.008202827004969389,0.008362950286090114,0.008273424547066555,0.008158003995716437,0.008196271182098296,0.00876597191670265,0.007708766821621157,0.008077396714312957,0.008579158496867653,0.008550275688634043,0.008332382629375938,0.008330554510265185,0.008387877089023298,0.008416764010628592,0.00825827948446278,0.008285460328788689,0.00854201734024986,0.00851188373427958,0.008159352388123087,0.00809624215269252,0.008210693074897663,0.008007168255951186,0.00850314836675227,0.008548972616824543,0.008632779539307344,0.008324760990243674,0.007943538410591453,0.008792472695305201,0.007715957601747077,0.007778143127344456,0.00812322036899676,0.0081522983100986,0.008178515520784371,0.008484935189352527,0.008371446608871977,0.008388767616568007,0.008536314653459345,0.008320973168121084,0.008650879587189755,0.009237640212804144,0.008072616211165807,0.00824420507471841,0.008381086332504882,0.00826042365357644,0.008128770812494551,0.008141270594896043,0.008175102875299847,0.008103128337586194,0.008313298567167487,0.008349840384153717,0.0082658084853107,0.008032098398055828,0.00819641004815696,0.008418838435213396,0.008186796812971187,0.008203065381442708,0.007795918655758593,0.007795146236609887,0.007981075692038764,0.007991777063719094,0.009842060926578125,0.008104852955351804,0.007148384776634601
sub-2148,0.009604948766998883,0.010777875878181215,0.009982945364915492,0.010516194258357725,0.009551232969661011,0.010222403279417909,0.010696300193630803,0.010580353322032504,0.00965623609923239,0.00980511029462505,0.009554025676687526,0.01030201711021901,0.010896708628931894,0.00951767835516928,0.008504058588810207,0.009211319653565107,0.012827724796794872,0.012486275347518753,0.011031297942765094,0.011084120784539927,0.011544244806305125,0.010811486250829798,0.008795845564321947,0.008828023648495335,0.00952853342467997,0.010881975256919604,0.00922508301786894,0.006666442625296925,0.006786403556268681,0.010494915902225118,0.013089115449696652,0.009598162984526249,0.00950951461844576,0.010253884257059165,0.008958666488867534,0.009347738926127367,0.011655578376598856,0.010369558899965416,0.00933679972390451,0.00903119471192534,0.009146040123968566,0.009250230898145244,0.009365191610693824,0.00809172378241634,0.007571935222110555,0.009460858425092316,0.009864463630871144,0.009664506753689503,0.010544679634829758,0.01127046963329527,0.009856302066598084,0.009350396950309809,0.010180972993260233,0.009458641305451721,0.009925613971052103,0.011578918098644883,0.008893769909222691,0.010001122121154137,0.009802045993089767,0.010462224861078132,0.010554271528052807,0.010173625910783472,0.007623097997227158,0.00790272565604411,0.00879745598134005,0.010061664776260497,0.010022560283903694,0.01039929835131741,0.008273785877992696,0.008237720412844237,0.008285802203486431
sub-0212,0.00854231610084619,0.007980638403663615,0.008449734627424767,0.008440567464488229,0.00844096956917565,0.008273317478861546,0.008403185488744273,0.008273640381413958,0.007976022113207084,0.00816557296040924,0.007935084576050086,0.007850908548494444,0.008087330418978888,0.007951417048379615,0.007785848311586094,0.00792676408904431,0.008446153505094737,0.008377178940949085,0.008410260091143476,0.008404262119153492,0.008165505017097813,0.008120723609081759,0.00775612981684418,0.008031073736585001,0.008820257100338848,0.00866674221845302,0.007574580606545808,0.00817118669281921,0.008329951712663963,0.008059430714005666,0.00815708870956631,0.008295730719058125,0.008022005848238672,0.0073398990304751055,0.007577069858321641,0.008125644980183306,0.007904897361748596,0.007503392677782296,0.007617629498249132,0.008251030622814267,0.007977487815953766,0.008108173415715693,0.008326263478396581,0.00815159758577301,0.008169021996007265,0.008233397012970668,0.00843310614631776,0.00811164908392449,0.007896209447248882,0.008190892745900683,0.007984179730293743,0.008079860277708491,0.00797069297731963,0.008122732658422416,0.008506207199793656,0.008181069871155472,0.007845849624522455,0.007847313503252748,0.008681415517072017,0.007806352323156585,0.008171304740747929,0.007910276502524816,0.008067748775398636,0.008054640299829096,0.007984748268370966,0.008162468840448097,0.00860728832379425,0.007658384673812212,0.008043659629807139,0.007324813845548548,0.009502809671176744
sub-0257,0.009826126889028328,0.008279752810806541,0.009321482512063295,0.008739007980602148,0.009069367840627264,0.008786543671612251,0.00899830303182133,0.009202518617587988,0.00869159692912487,0.009780601810390315,0.00672534374163499,0.006116286688182432,0.009787565169575754,0.006747064309889747,0.007101129174141944,0.009321898121401247,0.00878552250297478,0.009776321229635863,0.00810969146024593,0.008277016077838364,0.011347973111224733,0.011291085846167186,0.008425169208103486,0.010805943667404842,0.008863018145946814,0.008148047473184622,0.007164001384023294,0.008465127195588854,0.006674579785579952,0.01208034189390953,0.012209601454451347,0.009466877238445885,0.0076867997152655215,0.006904610026989863,0.009409641614369003,0.012357511357321417,0.0067846178960281785,0.009672138595205316,0.009232106975262222,0.012502445134124823,0.00744781012539518,0.007024839161674696,0.006999058791645904,0.009683556885436023,0.006526453243708041,0.008713225771244474,0.011469363570638132,0.007783233361212328,0.010961953685351631,0.00930031438138167,0.007104690494489917,0.008410265149399165,0.008689900118811843,0.009714770576071896,0.007396685858917605,0.009938280526031821,0.0068042272030654615,0.007001793082388468,0.006868065952640962,0.010203596798418093,0.009084777866522597,0.00500207894497728,0.0073575109919943255,0.007690554211364648,0.007807649890842081,0.005709802221980618,0.0076249407663260054,0.008186010935929655,0.009822145222252504,0.00698587351646193,0.006753611997048772
sub-0213,0.0077910644823018255,0.00752597888121909,0.007737704122054129,0.007739077668576553,0.007827317511692937,0.007733134776641852,0.007732645999179553,0.007604794748674696,0.007694565278914788,0.007808509994385802,0.007706030638519385,0.0077960083772873395,0.007792526596514595,0.0075816460815123655,0.007821108488411204,0.007492495886432893,0.007798130690261056,0.007632125605704444,0.00792840582117038,0.007865306683052645,0.007840957938838437,0.007694429936221331,0.007556197225092133,0.007753004567925628,0.008095330550332054,0.007801274825477998,0.007523854388957688,0.007703350509781893,0.007574757065018194,0.007448756345069999,0.00777595195017283,0.007772474159805454,0.007671257280867637,0.007407727272791524,0.00734312636896004,0.0076800751023769435,0.007825015974083225,0.007453995877798049,0.007518680764721403,0.007597048405522187,0.007641527440620281,0.007829690757792248,0.007848508980265338,0.0077003633032537286,0.0076772973472343554,0.00793638447676973,0.007888798963885139,0.008365184665184728,0.007586088920956456,0.007724979647966267,0.007571158235743519,0.0075419873559187224,0.007678169805053295,0.007481216161648435,0.0076014388020113855,0.007338465124843781,0.007608272014857276,0.007717751219926409,0.007600325541804493,0.007545816517687429,0.007629553941015928,0.007413653660966432,0.007349034332843261,0.007574126966792373,0.0079629424281644,0.0076316650749805,0.007400643582287212,0.007370678336432701,0.007207302728104405,0.00727494724927405,0.007583757161009523
sub-0226,0.012711689435572401,0.012324117706264803,0.012463963949279434,0.012615008613324676,0.012317226126194732,0.012592163894729145,0.012345535764167977,0.012415028091249586,0.010973347677257295,0.011505554969732906,0.011805908624231028,0.012318276131483176,0.010716170209732034,0.012215435760908432,0.01260891644589237,0.012227325206174353,0.012452672075832992,0.012134868488410775,0.011560468453762119,0.011740148465246606,0.0122438747648861,0.012820610893052418,0.010754458474039233,0.010637407938613402,0.012397043988221569,0.011255834038729325,0.012211543275842196,0.011693488471661313,0.01177388330060694,0.012060932657776056,0.012385809660951343,0.011661722556876142,0.012715086117635922,0.012458079471315584,0.010832977208205124,0.011869437740749226,0.011855542353549967,0.012456606140071751,0.00974257804379932,0.010753195881053034,0.00996080546818549,0.008583100994297784,0.00817864079021285,0.0075905163678730665,0.008993308699766316,0.01140266069240698,0.010915080699441599,0.012283505817253352,0.01232687986713533,0.012767949169162799,0.010695788588107883,0.011300344626214182,0.01055541570435362,0.01246772050915449,0.012074336338325546,0.011195556557485513,0.011265647964931203,0.010323622397066131,0.011503363495587463,0.0128613042753838,0.012952601871876857,0.010524849075742368,0.00740504517990367,0.010891181969622764,0.010678617888313303,0.011656534297877741,0.007492897679380658,0.008228447811737092,0.011316598608811497,0.010622326856299802,0.007588005040459701
sub-0214,0.007830113557602915,0.0076368878308252786,0.00796431789194289,0.007939408980964178,0.007885091409828305,0.007821955006379677,0.008000538315358617,0.007717735629134705,0.00775394536524522,0.0077790843078879394,0.007734832017787899,0.007779222658010608,0.0077942419713618255,0.0076947933801755535,0.007896046485749953,0.007813477681169221,0.008034204810571875,0.007903817332140066,0.007954313960618313,0.007822064970646463,0.0077339672044699,0.007952016722740594,0.007711963017495862,0.0078002438398750975,0.0075483912207976196,0.007902339114310371,0.007527881430429864,0.007866997674462336,0.007770408563120437,0.007546607265975411,0.007781616730961825,0.007836579212565687,0.00755157772214125,0.007016882395890289,0.0075726625657233605,0.007561306374159783,0.00718205619684017,0.007458772966429763,0.00738491758020123,0.007598392147853974,0.0075981886277826415,0.00752937536001831,0.007563968530857347,0.00774233245499109,0.007501870759621245,0.007479266218975815,0.007912585363469631,0.008068567787911868,0.007644594683077487,0.007891145473383192,0.007709483574745131,0.007714897890540687,0.007719116083598476,0.007573969732977809,0.0077774996566727355,0.0077190681371340384,0.007601408705467057,0.007740193742504502,0.0077714188802700005,0.007590935394398806,0.007727319375800808,0.007733899675610548,0.0076365561248378615,0.007854936294835364,0.0076129131427944705,0.007662716845683171,0.007488690180403612,0.007382162611532788,0.007523770885691074,0.007566402498845827,0.0073434942105061575
sub-0235,0.011374541309872779,0.011908276768893493,0.012058403795679866,0.009949068618231152,0.010050524382728146,0.010775478603048175,0.010341923606407353,0.011133786912764938,0.010724686206230178,0.010015774147039424,0.011145603753588822,0.011817635455831041,0.011423060478397511,0.011056476340069453,0.009119079477490044,0.01189806001813596,0.011896764143892676,0.013634666237668272,0.0130188239881039,0.010868833934880917,0.010805219642772394,0.013310748555460475,0.010997773940738373,0.012075119062825273,0.009546071408986119,0.011514937085071663,0.008174903713661797,0.009830152618494731,0.00842228558268197,0.012199946766543582,0.013634052679947948,0.01216554451110433,0.01086124817332192,0.010221742427592505,0.010992831552125788,0.010983108856982157,0.011155122906209205,0.007014962270822526,0.010163155236259179,0.00841194998112619,0.010502692673966205,0.011167226044477249,0.010832609363801905,0.01031653683697362,0.007799012127472328,0.007868874960710967,0.00894291998270335,0.012145994048892722,0.013273833757521357,0.012260350312154375,0.01041896144446633,0.009611812729080122,0.009188046067590131,0.010525977533970058,0.009930502237901382,0.010778530728579446,0.011194999838294197,0.011302794456792371,0.010064846540882504,0.012700194052486338,0.012336191510151064,0.008464015468284857,0.008408320670464585,0.009095019144821963,0.00920814242426377,0.008792662921876047,0.010743548920437853,0.009871523791285646,0.007479298615369669,0.007254611450346732,0.007725136944198034
sub-2125,0.008406030869070855,0.009332992596067692,0.01095935396047724,0.011093294444677045,0.010977460573520899,0.00966331460401068,0.010948033651371663,0.009634959931475904,0.009458463114284062,0.010874419724296317,0.008691118677048235,0.010056190974766992,0.011014521521178103,0.008738157736850324,0.01108549183333886,0.011147617002948786,0.011177266238608947,0.011592793666368187,0.010666147567770179,0.010381978416838779,0.010976854279976066,0.011167106546378938,0.01081946278701811,0.009588875625193793,0.006365306920990674,0.008898369099302809,0.00945838022773632,0.010207628466999144,0.006502543962286706,0.008350129057308798,0.011081233472757171,0.010408237853841113,0.010912502300598488,0.008090823509607239,0.009415617025868987,0.009313525464701794,0.008872025083703418,0.011044612350214492,0.010407312347233407,0.011403658690919048,0.008163965490459781,0.010176440435055393,0.007320140046331822,0.008316866902454709,0.009848116031780133,0.00954843147615361,0.0096386272077672,0.011261061674543021,0.009365259033495223,0.011220215931401973,0.007840815599072527,0.00849313227023142,0.010483351414997755,0.009017323267176448,0.009414235041859809,0.009638861943172232,0.008659114527641475,0.008134306128878787,0.007793005576176943,0.00892729947315962,0.010830464069405384,0.009565323864606104,0.0098175529584141,0.009364631968717682,0.010703087037020198,0.007634515402317785,0.010067366717214971,0.008463670275711859,0.00980908698217312,0.006449860724102687,0.007822684182129624
sub-2139,0.00919808986025533,0.010415684627114879,0.010285787167953689,0.009985506171005307,0.01102208954751237,0.010453712059109492,0.011910653239931932,0.00973906102855891,0.010439580487400025,0.01120095115114706,0.012079782219877025,0.012179999762001882,0.012458970580954914,0.011275657290075654,0.008802823532132834,0.011880796890405635,0.012161508994229023,0.011381577003511834,0.012880163507295773,0.011409677284287026,0.011946291999376753,0.010958087705975405,0.011836184940942887,0.01353225392589446,0.008789551574328869,0.010606371980431031,0.009666607175030456,0.009397626529277113,0.007504591821893478,0.010011756583493554,0.01248668637165257,0.01189453927372913,0.010173020300697999,0.008509958073486769,0.012725694557650661,0.013685611261006569,0.010847086903399104,0.008707326322752755,0.009968506352293625,0.011718527193586268,0.010063777236939332,0.010468296780512325,0.011261694004413587,0.009977546967672685,0.010862224933828678,0.01102617125413056,0.01220779053018189,0.013935240065305344,0.010846475017540514,0.01162943392829985,0.007891612949666697,0.009499877511903685,0.008082537456202141,0.009041378069648106,0.011889272149550285,0.010418304768165701,0.011165316469312313,0.009263820319793243,0.010015971698696892,0.010489118095539991,0.010839346183654659,0.007626246701344645,0.00922237529952394,0.006491615909342266,0.009862217610519301,0.0076699947768024326,0.007849204479094658,0.009706209038284496,0.00757168899428339,0.010204540621132272,0.007508912738044652
sub-0265,0.008110918153113886,0.009323654272700366,0.007575120986971088,0.008230834158966895,0.009191986177300542,0.00911358612411159,0.011130550249271532,0.008733480834661685,0.009217444089023103,0.009136867202379752,0.009904113199263796,0.007821124369186864,0.011058840959447772,0.009532899514200043,0.007620137033428934,0.009666838021883572,0.010771982401647905,0.011175713397670116,0.011058966718284147,0.00964979339951872,0.010497537095097209,0.011659411761923661,0.010495587064043035,0.010502290171121633,0.007916441847216366,0.008963381874836461,0.009824471376917263,0.006876916506910553,0.006666510935470116,0.008693788642256695,0.012184948944429744,0.009110131303426425,0.008663946997606208,0.0070789806161318854,0.010179936188410938,0.011675763334793561,0.005483689800151855,0.007472710699473588,0.007635398494386813,0.010951123309186723,0.008724684779285993,0.007808756170241129,0.011031099044468237,0.009103606644134005,0.009005382978900089,0.00840969081589,0.010809869250274207,0.011325591919720733,0.010862480418278081,0.01047147075572943,0.006673063795036569,0.009809571994097242,0.008042841810591861,0.009897375263145143,0.008431035967395504,0.009373755239112899,0.010561474512154575,0.007802506986417175,0.008928993319147151,0.008582597560548941,0.009573467739896138,0.007229747426559602,0.00649619633008749,0.007140833368276302,0.007957954756067245,0.007815217108469191,0.00857947834706282,0.006386599544789263,0.006908786441923546,0.007936697155932822,0.00713575153013848
sub-0209,0.008245158106227718,0.007987519550439503,0.008206510528337216,0.008283476306715555,0.008220862881018288,0.00814135350540246,0.008382967702164436,0.008345644256238675,0.008303328233000338,0.008224215505491458,0.008114633999656855,0.008015011219286793,0.007968411149824835,0.008114811304592033,0.00792820665682802,0.007939725861576735,0.008387311231018215,0.00836973143022516,0.008415650125990744,0.008359915236359263,0.008295822169256336,0.008352925075600093,0.008062947854204383,0.008141718524343896,0.008350085208537793,0.008449474558042203,0.007650083562208154,0.008084688720399719,0.008210956906046049,0.007980032432207294,0.008254951995572296,0.00827141864396734,0.00801958235209816,0.007682583587413243,0.008059659884486646,0.008022476058851173,0.00805740030609061,0.007790647419948095,0.007875134665223897,0.00794747853344353,0.008362257732276706,0.008278382851008593,0.0080464795625865,0.008273867178332325,0.008226424788482256,0.008226250838431221,0.008314879227611538,0.00862946186015015,0.008005408451880228,0.008259237032284764,0.008072125359606283,0.008097716433166223,0.008032972777074926,0.008002060846818544,0.008222587584843623,0.007920093973997316,0.008145998712279768,0.008287665733131855,0.008164916245146035,0.007890237831158149,0.008119606500004478,0.007963750487404268,0.007940414742385507,0.008022806967882823,0.0077488595251641425,0.007799943426422775,0.0077714396381815916,0.00770515016688042,0.007634848726360778,0.007955961872425844,0.00830710964833708
sub-0247,0.011658149007330816,0.010430981961947408,0.011152069830188717,0.011274976469844874,0.010291031896605206,0.01023693057784794,0.011933371269581073,0.012025094863529897,0.009686294741725101,0.01031475290377586,0.011370255713432533,0.010033235847127215,0.011671878326222393,0.010535057711438355,0.01165024090546863,0.010526024986242444,0.010864226969817849,0.012258841873218237,0.012158399443620235,0.012116784415677293,0.012338293164872621,0.012084260870685672,0.00966442769056735,0.011570641111357962,0.011075172312072067,0.010517986247811133,0.009055700126775989,0.009569262398049734,0.00798536581620107,0.011530457325608949,0.01187452195889025,0.012084082894339106,0.007905940043230617,0.009430591710362578,0.009631676868755639,0.011530595373792675,0.010243587690375781,0.010579751037217365,0.010650417858762765,0.01089164064926877,0.008468017177548708,0.009359137039257332,0.00833811299601352,0.009084328901491953,0.009237694878449791,0.007878402699551262,0.011355155369632122,0.011346774913157507,0.012355895683199645,0.012720321449384484,0.010029935701639285,0.009551321132387332,0.008406226954944548,0.01028893165534084,0.011599811932397149,0.008999766692556326,0.009928667837025725,0.009726915050664545,0.010158233824713286,0.010347260817280329,0.010443858287531972,0.009485550528063753,0.00753281178905111,0.009510669491211984,0.009100201446802658,0.009170307488793907,0.010142912514686814,0.00786244604164481,0.0068435019925830835,0.008022652934971803,0.006570707037233338
sub-2137,0.010033962532840245,0.010814419720059924,0.011361257842384774,0.011083380264107073,0.010652336922745087,0.010159586169186227,0.010515197049334983,0.009105305074009787,0.007111187251976374,0.009808831050648028,0.010557428328095895,0.01066414614220668,0.010631646935540494,0.0074798400278448755,0.008269272525820406,0.009810246508938861,0.01028673769599331,0.01123347804925109,0.010457273808955647,0.010171676188032358,0.010665916843375626,0.011646024313094992,0.010729353731362376,0.00957512852692718,0.011411305464661594,0.009776488995098398,0.008188180661228374,0.008629000639365537,0.008007419446287628,0.01107049616373294,0.012182933462591649,0.011727127437149737,0.007012631825800206,0.006631174843202999,0.008951371492784532,0.01053962719081211,0.00811474110530399,0.008782030557578702,0.0090528566583613,0.010210634694926769,0.009970817440282062,0.009407585626751076,0.008611885046144291,0.00753035554783509,0.009329613366864328,0.007125170441199393,0.009420030705944642,0.011523166268577531,0.012225898909611147,0.011010762250688238,0.009047632835593749,0.011296200969246151,0.01034225858094453,0.0087854070944744,0.008656248768621696,0.010765720770055168,0.0101672044908214,0.008538780214390983,0.009356398966366336,0.01232891240441003,0.010527369706937057,0.00966067201854504,0.01035891217636999,0.009127910250980583,0.008925197311624082,0.006198387046382857,0.009267782437486228,0.007941936433976029,0.009795600440091345,0.00798506640075754,0.0068214165438882516
sub-2131,0.010700967290720589,0.010774493746603058,0.010383980170826318,0.010622006623961417,0.009589246107921449,0.00866969110991102,0.01033441791410298,0.010121172221192257,0.006630704968259982,0.008947762696825606,0.008807161788902442,0.008211191886074144,0.009842348635449983,0.008978401123401569,0.008119688393394676,0.0087667983680285,0.011074613672146757,0.009520964172080466,0.009455710390443444,0.009506980525511006,0.009067584840731623,0.008755923764873615,0.009634648359466,0.00911703268995896,0.010093072907480021,0.009560398541035027,0.008476118073282609,0.007927920977617778,0.00803784801544828,0.00936054807083973,0.010744450405029013,0.009527683614119294,0.006940111381476799,0.008361985215171473,0.004740573429990932,0.0095086939799203,0.00839489422199759,0.00826014231072461,0.009068229136687428,0.00882713448652256,0.009116967988548958,0.007132245368697852,0.006376661359457251,0.006231977369663374,0.007582776056515637,0.007872828488318778,0.007406292407350708,0.008928415934567066,0.008290217341106033,0.010119809998143695,0.005856963586049133,0.008015966415779457,0.008474241665145758,0.006854389291395758,0.007580781086308263,0.007174777079574898,0.008345125356574166,0.008159052375247573,0.008609308929528948,0.00786282453013533,0.009541170685403605,0.006275192669514955,0.0068404874774558025,0.008021446157561894,0.007515317918837989,0.006099762980900678,0.00667668452301159,0.006639077688751764,0.006503587216249401,0.006290540083929902,0.007782946783400396
sub-0256,0.011518367607612984,0.01066149581235706,0.011645200483389104,0.010912532278248298,0.011187431656781205,0.009969089904732347,0.012289793841154346,0.011116723232853183,0.010435343895117345,0.011352039283293834,0.01127892171457817,0.009868725601925366,0.010878119540439525,0.009666420111578939,0.010033360994142735,0.010106460030284821,0.01266741131338327,0.012142707630010142,0.009599087673060327,0.010319977184773888,0.011240396244890772,0.010023404747401297,0.009782940835873255,0.010618329083545852,0.011236490676447247,0.007606725453887273,0.008624918364643618,0.007448603859131721,0.008713125479107882,0.011579947988101798,0.012700489375857773,0.011714483691650934,0.008809703861558549,0.009579729781819046,0.009802860590739737,0.011888411407146816,0.008673805232892521,0.009739331815017911,0.008123784195393356,0.010240846170724354,0.009339088229794333,0.009136579210203543,0.007500763174842518,0.009591174003520438,0.008158494473067596,0.008716851477023089,0.008311741519283357,0.007479528748312441,0.01365695698959043,0.011616488852894586,0.011074660851176574,0.01085480860219722,0.007362381521007431,0.007724941060193189,0.008371363787838697,0.007099079877076318,0.010180888680339895,0.009245622228375891,0.009999063855285406,0.013038306853878296,0.012573535065614441,0.00765976638558832,0.00539078035463499,0.009231636432691861,0.007713362324548972,0.007313053988348484,0.006927189054897145,0.006861149376218055,0.005557191199121952,0.005600724648072324,0.006730742656066178
sub-0246,0.010462516100662157,0.011121998426451186,0.010691589913085364,0.01143199198464252,0.010742211625104428,0.01123912977437605,0.011746215851924608,0.00951270447340071,0.01087202311551888,0.011579451719948099,0.011561719911933246,0.011558683839258989,0.010924511831194096,0.01150309333918965,0.01009275213866088,0.012216547985286836,0.012015583815468496,0.011937809214040364,0.011848786717540024,0.011031405387355801,0.01191212400514566,0.012596002413577454,0.01231045926289565,0.012445556463248233,0.010374367818082935,0.009875912559215886,0.00968790583433549,0.010270947439147566,0.009378334210340346,0.01179736307791072,0.013019136479810393,0.010955608924595519,0.00986211311052839,0.009194988582287065,0.00931208344612403,0.01278636508227244,0.010430729027240697,0.01036153404610195,0.008023301158729889,0.011196145326365535,0.010261544865365582,0.00912631358681793,0.01117876702076941,0.0078107553977310945,0.007487308560367427,0.00972970950625104,0.010485993941594681,0.013173933660752798,0.01234542710435149,0.012129501701855349,0.008956685509559751,0.012018034269648774,0.010914824949070026,0.01083001669694506,0.011465892390320918,0.011130865910486282,0.01124131783211249,0.010870937625137545,0.009146142247712229,0.012317301310212074,0.011815252136543275,0.007904148537021097,0.011794334393188523,0.007647357000821936,0.008633738671117766,0.009489024974272288,0.006426637227638312,0.0066493754662191795,0.007717376171966222,0.007432991486548218,0.007474240762066743
sub-0253,0.008167496843297649,0.009128035155893154,0.00838829866987338,0.008361428976208288,0.008855692354921688,0.010198489065783625,0.009885715648691201,0.008030955827740192,0.009812242120552789,0.008205045996142779,0.007842140011001584,0.008037007759411848,0.009735991175085387,0.009143318465977896,0.008910729952468435,0.009052015128386442,0.01012352031251588,0.009132139684966041,0.010729466522737988,0.008505041504685505,0.009319656242432126,0.009953153311948454,0.010093831263220242,0.01186472373687797,0.008900990083906959,0.008334980148335768,0.00835356884321493,0.00896513529369064,0.007934747765569539,0.010804806920554124,0.010505243493416387,0.0114738887576388,0.009177315369437528,0.00862231230081922,0.008802525998230112,0.011022783356910032,0.008294273158446717,0.008549050274753394,0.009883947952740713,0.010753332982585425,0.00845632163123877,0.006791223727863237,0.005715405198239631,0.007641811079879981,0.007430784606819943,0.008318378769022357,0.008431200031995198,0.012106890684201085,0.010860864247536179,0.010219349617324404,0.007149175357121508,0.009432581498753895,0.008879124230271183,0.008557052928839903,0.009221900582158866,0.010577680412150488,0.008746787893156836,0.007316940932818986,0.008661908176114124,0.008471237085521877,0.008968689740659357,0.006167785583095516,0.006850006929316232,0.006695972251190741,0.00866411244671095,0.006535796825023927,0.00808330282580537,0.0076071668428709495,0.0066051685771740965,0.006262991721958636,0.007666560209909787
sub-0232,0.010403258453279263,0.011286921531376172,0.012034902444465964,0.012225182949160232,0.011559995285814664,0.011535365552106018,0.01131581362191518,0.008830692595943126,0.01012790512696744,0.008658333222420602,0.011081709759957696,0.009508183607254096,0.010844915193919277,0.009131140047651554,0.010607189868953083,0.011231648946615633,0.011831499790311359,0.011027757656884468,0.012081905953184232,0.011809192505766987,0.011314569077402678,0.013051512619720798,0.011246230094198175,0.011059542883573102,0.007785249381568939,0.011080479581071006,0.008515067934436306,0.01067396966618304,0.008209799864173521,0.011645810393494632,0.012618268575683171,0.012105518727814644,0.00819962116012754,0.006493711311415582,0.008585924298294004,0.01279246444642794,0.00895331937729057,0.008496864729676737,0.008399707424818641,0.01148503784821182,0.008781323618491554,0.009691682482984123,0.009309497045475904,0.006909273587776908,0.005141111022557626,0.007436586229053927,0.01113746025606665,0.010455072764369869,0.012536551037818866,0.012170155430353413,0.008420292608478305,0.010580038909585483,0.008261924978389389,0.010384777748437537,0.008928932137956322,0.010664847805790597,0.010301085600740398,0.008517351207286267,0.010165630839881893,0.012605824245872685,0.012787805893316392,0.009270200018995691,0.007607851400553766,0.00724738274261812,0.009728140228735398,0.006734083289576803,0.0063855072918997165,0.007409943759075782,0.007476876475287736,0.004968522008147365,0.007173035678065115
sub-0227,0.01068244555056509,0.012808981173406678,0.011520031933709513,0.012008075676023843,0.011517151243182889,0.01137262285855886,0.013435560162438232,0.011489942796373366,0.011356441442248514,0.010266079838163963,0.01118773303202653,0.01149179439852163,0.012887257616499833,0.011594361473049727,0.009600650534314106,0.01130400994016241,0.012822476800477472,0.010988892094710262,0.0116787441525469,0.012236340826969233,0.012005378457901865,0.011020958365143057,0.012514305372086225,0.013900480210383185,0.010571552842487843,0.013207183347761657,0.011205146258477714,0.010576382994488626,0.011030257870244038,0.012580326207010087,0.014867604430065027,0.013797061530223616,0.011156212921968674,0.009712316874687628,0.012308818541520938,0.01361535118111174,0.01125121311858853,0.010289174430917397,0.013916292228345558,0.013444804834326713,0.010205466656537874,0.012444840322968593,0.011044677681574848,0.01140063088661309,0.008283233569619316,0.010769463575437212,0.013115989735468256,0.011389693589318196,0.013177550134385374,0.012190455348917939,0.008530816055876222,0.0099793833368019,0.011032432319687233,0.009881711617816162,0.01291860495694966,0.010183222485888828,0.01029393649070626,0.010380130169797278,0.008631684895055527,0.013708210441689303,0.013870846773736262,0.007507813596417371,0.011688270124783426,0.009054143075929385,0.009598925343579456,0.008702604637620235,0.009407487761434838,0.007967708411973473,0.008848581963604408,0.00962114880987589,0.007092377984300464
sub-0242,0.008833968374976362,0.008703102626881058,0.009325938545429667,0.010024616021445273,0.01009709108693302,0.01055962956858845,0.010034897196144246,0.007423173081638527,0.008470779210593441,0.0087587636743575,0.007584366211549661,0.00868831295778697,0.008645436804836194,0.00844590191385884,0.007827551221838687,0.007909356267959496,0.010583586624706497,0.010009474628205882,0.01064140906808654,0.010220327804940746,0.010259837141588938,0.010827988996945245,0.009655479092420514,0.010570364405158185,0.00847970170264165,0.011152464778787324,0.006963790439632733,0.0092464517157783,0.006718194606611456,0.012403051388530787,0.013650023189894119,0.011057691979327924,0.006534648061189424,0.006256909898855583,0.008823357867266951,0.011887595329071222,0.008351461188104436,0.00913313785940025,0.010120374720378592,0.009741913360270105,0.007467464390176977,0.006678168967100934,0.01010952986477826,0.007133712094789158,0.008653501410252533,0.009266454814814353,0.008528855938016035,0.008532550771832527,0.011215129202243303,0.009502653170668054,0.0067981517304828145,0.007173216888893688,0.006823976888410349,0.006627917067259156,0.00630908943821177,0.007585618478175789,0.007900378012339594,0.007280346963007651,0.00790500792433458,0.010769072079573262,0.009557536219371667,0.007568473779964754,0.009155130218248457,0.006700909856391495,0.008443282559547413,0.007028003056750904,0.006651359765384393,0.004534311237083232,0.007215009529082872,0.004962748024103133,0.0032407328301126445
sub-0263,0.009165054669868262,0.007873508635634402,0.007893974087599504,0.008125188846943455,0.008882787381567434,0.009971073450659531,0.00990478339156715,0.007312712136728923,0.006782773605769613,0.010915805894796014,0.010060978622379499,0.010242031792134627,0.009283492753145026,0.008770369260392891,0.010011051002790788,0.008994456844998411,0.01051600915246081,0.011379242317502643,0.010436723449317746,0.011019856885919404,0.010573823338363115,0.00914176785402702,0.010562349400902176,0.00837256406315408,0.010863364793857532,0.007296598457034155,0.010642077769473292,0.010029320606195779,0.0068172274811890195,0.010749709469072125,0.01012461928902865,0.00899610677137688,0.009538345608657415,0.008191710668977177,0.0071908957317797575,0.009968644034618735,0.009799795360313585,0.00828110099150331,0.00914254846456908,0.008420189473507736,0.007732414669949582,0.007187470870780674,0.007384559516792865,0.005964650181279044,0.0067357412348286695,0.008021843045884741,0.00728786533954136,0.009547750771477808,0.009687823654151452,0.009737241179733997,0.008878052232381358,0.009290698345828043,0.009071253150076704,0.00947163856467884,0.010200373861630209,0.00909232343269923,0.009597175338542801,0.008998374436601588,0.010192817253322144,0.010779759895627699,0.010544252079117845,0.008894062752376945,0.008412610499253527,0.00997677968778138,0.008076653170053592,0.007754418709556276,0.00598318144032159,0.004644906418473108,0.007593417514017804,0.006492776926405713,0.008058686467135267
sub-0237,0.011703366020065295,0.01059955165418879,0.011149114149337586,0.010356268368769087,0.01171039981352215,0.009809984077431205,0.010859082797117909,0.007545832440173997,0.010040632082131663,0.011077070428923544,0.010251461550368577,0.007555018547410971,0.00909639750923502,0.009310155181704366,0.010054616671887234,0.01002386354690752,0.01262148674335363,0.01287531447664196,0.011839290299260985,0.01103255426886066,0.010309748094942079,0.013229258130932531,0.012480976165203172,0.01347005891757095,0.010985055615703773,0.00967357346400985,0.00958717951350844,0.008955628613135142,0.008287800899072974,0.009719013221425717,0.01390420834448864,0.013404869256625741,0.009979883905386983,0.009307148277020455,0.010032453019958538,0.014184823455885748,0.008212799062463408,0.009024676742067838,0.011264663583853172,0.0119874141746293,0.008485570411919361,0.007651717391913566,0.009699589569275874,0.0067532635864088406,0.008486108301208333,0.007629901902002526,0.010262895844225009,0.014216915717930023,0.011936566673658559,0.011527114782806215,0.008061405421830632,0.009605871800763248,0.010609543249636423,0.008819465976261204,0.009086956325765354,0.00835003713570057,0.008191844956918779,0.010198034832777585,0.011037458750097675,0.01018650481055442,0.011595870053581835,0.00667209936627502,0.007867495301563825,0.009809990314329995,0.008398025105701458,0.008214981167536833,0.009496682171481747,0.007275909420596299,0.010023430508668767,0.006706855714619691,0.005602465511078959
sub-2129,0.00917333745833459,0.01114240598077443,0.01289751122475207,0.01151415687938756,0.011823341844832904,0.012125517447932794,0.013048055986417681,0.009279631554312821,0.009651839697644628,0.0109911622831477,0.00922096633877238,0.011692663197347594,0.011667552761650529,0.010983859828028911,0.008725698950221825,0.01136804624946821,0.013037770029046386,0.012315292511778876,0.012691395350431298,0.013138537867710421,0.012091316509144436,0.013221653050413408,0.012450546027717346,0.012781265459482062,0.009193744915847945,0.011651619572064065,0.008922823678865434,0.009890447519805725,0.009524917692839243,0.011197208491746465,0.013162414207444439,0.012905427496908711,0.008323862683455785,0.007792866342318085,0.008524647345072932,0.012919959361513553,0.008278185751500262,0.010080727574613587,0.009636890195907325,0.013332407423754217,0.009250145645168052,0.01210866158813748,0.010804265942570643,0.009447469980091435,0.008742304854404599,0.00974321609066374,0.00904347554389062,0.013962298894521417,0.013117856703851074,0.011895555681001766,0.00874564045942133,0.010689693112425309,0.009198197521526627,0.010984696572070024,0.011329073717588475,0.011816810555709266,0.010738495430336252,0.0083440005610907,0.00851794891346361,0.013201590690950669,0.013160894795017074,0.007216820580735483,0.009920986592643866,0.006787624878384513,0.008451553048449894,0.006506293523671729,0.007478365185039473,0.006815922443698469,0.0075540207008296155,0.005863149131648538,0.006398036083130699
sub-0249,0.012012228782547804,0.012179927570852896,0.012388950249796797,0.012078505910564735,0.01179181395045947,0.011841679685535757,0.012378516021921077,0.009833271970807262,0.01122781198012128,0.011345910794808069,0.011841502718386897,0.012207389678306858,0.013315427821268714,0.009781685847040616,0.010669047885097363,0.012755394064633552,0.012800932504809785,0.01299117222553445,0.011320321827963593,0.011968161195940836,0.012982274453382561,0.012891056684089276,0.012474403796256724,0.012467759031658606,0.011307479203337476,0.012130957910631344,0.008542081878272252,0.010495046494981888,0.009742382764649017,0.012617570210871622,0.013661969414007385,0.012637938111033796,0.00916440035463075,0.008344497231740166,0.011330668317803888,0.012179989895713396,0.009346425081139429,0.010736373691817434,0.010694256473476193,0.011440715413587568,0.009646992938473719,0.010093316268115427,0.011046591173699634,0.0077441046301892184,0.008582216547160718,0.009549248146419723,0.012506426023381709,0.011011251520487578,0.0135043946718889,0.012554101960779638,0.010146405047203377,0.010599110589219314,0.010665130519960445,0.011051136115066803,0.011866791353696034,0.010490914167576283,0.009620147756987368,0.009841204159232505,0.01111013908760323,0.013232875051367755,0.012632119361608683,0.00859183783786529,0.00924826508722507,0.009576503307874046,0.010024801732890627,0.008533448916776485,0.009505678500054912,0.008903934424036624,0.0071716547310250334,0.007884493764508543,0.00726141357264024
sub-2136,0.011735015784391583,0.011117725370711616,0.010941535340817014,0.01089545186019024,0.01105419549138215,0.00971266821446102,0.0115350266856537,0.008217933058792334,0.008023959940730055,0.010158614806742846,0.008049792651157935,0.0104556470019262,0.009649565036729932,0.011853638521569322,0.010320276359286744,0.009536419019155192,0.010887336849726198,0.011349982676523937,0.011062389984437098,0.011093775594015472,0.01043222844161284,0.012109419728021488,0.00943401165261168,0.009470846438688812,0.010067598510164161,0.010874391230829275,0.008948671521883094,0.008834282845269398,0.008428778926986707,0.011747525865954874,0.011044367321696813,0.011290731280788164,0.009867857546320937,0.007280611575037999,0.007364246793424488,0.01081729119839304,0.010847352860330296,0.009704698435090059,0.008917770716425862,0.009141114487455868,0.009866608288245534,0.010234136432948989,0.009538811589258492,0.009144647630029803,0.007502930972194956,0.00784535997174643,0.00877977035468968,0.010821803388284314,0.010754290011075335,0.010543535769840826,0.007423345571791697,0.008980100205954567,0.008314898128114853,0.010716732633523435,0.008644858012440849,0.010222950944176124,0.008877837929581557,0.009689834200693642,0.009613177464597228,0.011081095136692467,0.011495138097417519,0.007804781407245063,0.006786455113023236,0.008349338666569821,0.010507771720802299,0.0069882456004178905,0.007746160958504814,0.005562373177831362,0.008470554529369727,0.005708085169298563,
sub-0234,0.010596234788057416,0.010880268877595252,0.01207171924541437,0.011800579682486883,0.010807433180187124,0.010820238435158343,0.010294271753879715,0.00974992237646476,0.008839209907398558,0.010557472855481968,0.00936857389886587,0.01101920765617443,0.009884901057197406,0.010102434641445921,0.010205539771188347,0.01006705416303933,0.010236224787724584,0.011246829963943225,0.010312979785153728,0.010851842105593172,0.01147765788736891,0.01138632487787253,0.009260811042860471,0.010782603003228768,0.008772355004624841,0.009723597870025427,0.007817449600171982,0.010650723781660444,0.009090310274039896,0.01156510626413597,0.01183827296638669,0.010861441723038578,0.008173457850253576,0.007384279798478327,0.0074761533264742375,0.00932418208161367,0.007995884504447569,0.009165785401478933,0.009012246685127031,0.009534491963878827,0.00983402866784362,0.008423201426950085,0.00845857858873453,0.007427236180037604,0.007562582509272476,0.007907703486445069,0.009191479451592089,0.010138640705651665,0.010064970109428072,0.0117364880780962,0.007907139858117413,0.009014470070561019,0.009357221088202543,0.009730486247866665,0.009100009829562026,0.006225498446644436,0.007736694457758546,0.008461259054918176,0.00881251328062324,0.010937407908748953,0.011637202639281571,0.007572034112765591,0.007663043775749503,0.009861927128857903,0.007352362886565793,0.008998886548609862,0.008565198385118182,0.00847514276720881,0.007829161911297552,0.007051899311236344,0.006768941484182382
sub-2154,0.009408121541427858,0.008721487273013584,0.008354149366418168,0.008627267864935785,0.00900910785621408,0.009230943387156442,0.009108498736752233,0.010238689877207614,0.009856728341673128,0.009664111617292455,0.009430344967979449,0.008544455238001935,0.010247603854803552,0.010653140725286211,0.00928378106040764,0.010799775136991754,0.009802177644956101,0.009317369220935654,0.010698061067461677,0.009339342730819726,0.00994004141593124,0.010489755101628811,0.010291593809242217,0.00944426165560067,0.010798048847609007,0.008733617592128044,0.009188789474352413,0.008795303858765563,0.009118333501429323,0.009368658287403962,0.010371405583187741,0.00995072149420813,0.008747115199919225,0.009430210850289835,0.008457103082318267,0.010984436754083466,0.00986031243001013,0.009048662177708161,0.007951643679055076,0.009591262318087953,0.008757226548366035,0.008894775060643855,0.009570263505445945,0.009018450947473193,0.008935523063405183,0.009610251307636118,0.010135446744646472,0.010419321148100439,0.008643869016239888,0.008563238379130653,0.007460042504200751,0.00801899547110082,0.008841766402233431,0.010815733166623072,0.009007684206252633,0.01085474939488379,0.008954612852455279,0.010141715009686414,0.009621924950727105,0.00937480277098348,0.009772059294222311,0.00788162585594482,0.007228779374543483,0.008775783692078161,0.009202609707971513,0.009036361565248693,0.009452442826191268,0.009822729082499962,0.0088243823613731,0.00922000725217779,0.008266260799176963
sub-0250,0.012320004752634907,0.010331792495035956,0.010572875402560213,0.011615410663415942,0.011129945824264992,0.011776201391065732,0.01241346229843871,0.010321803591642646,0.01068921439540172,0.010991903658914592,0.011553259511325452,0.011509141003553795,0.012872483881895883,0.011584564442302754,0.011593721811595506,0.010343020155250546,0.013445645274396732,0.011756963877600434,0.012634013870139032,0.01230872513643013,0.012360655507656497,0.01221234867491065,0.010700656138846604,0.01256419682540803,0.011989234672370872,0.012016445833308007,0.011121764165915747,0.011428272419023442,0.011458007800141168,0.01200946449645453,0.013210685047206664,0.012481474196334191,0.011142575725004948,0.010299724384701952,0.008427987752274012,0.012977429403431317,0.007645798483410926,0.008741560237642746,0.008276340619214536,0.011485413529818831,0.010449527485270184,0.011444638689746787,0.00866203808673246,0.009086667810210919,0.010576585196968469,0.01158386726666094,0.010352572073644963,0.011974251860649456,0.01189147309320638,0.01202561716336269,0.00936567033010869,0.01043511548367525,0.010474658745460953,0.008738019291142715,0.011531105101600709,0.009604877799795061,0.011025768418663292,0.009383124948205873,0.010130072889664542,0.011382307857169583,0.012735446017028484,0.009587227130642025,0.009801196277939846,0.009746237530126774,0.010691235979643094,0.010950009706605916,0.009869419234806965,0.011280845063899923,0.006070235298713817,0.010577435205595549,0.007084476967787315
sub-0255,0.011167500674081813,0.01201725657602148,0.012585632784919334,0.01186294702472688,0.011573784175748678,0.01199055384923041,0.012844142900740615,0.011891507823789758,0.010920787982577297,0.011334084832845382,0.00868306055423766,0.010411913617751584,0.012188618963318534,0.010828109684436935,0.010495799430773455,0.01290580113892484,0.012951468069159672,0.012904317289612516,0.011568854557853916,0.012075020810377207,0.011790423458561577,0.011746092494789542,0.012587387720030978,0.012802255709315813,0.007940723762894442,0.012126777690680424,0.009248505912806767,0.011345414557777819,0.011260718941471782,0.012132853083997395,0.01260798622466944,0.011262155520884665,0.010082883043143144,0.010619104155199625,0.011397840800578218,0.013224805532658214,0.00966271200186568,0.009815539679781382,0.012953924305843634,0.012364288643591589,0.01020862273181248,0.010527688591402374,0.010535896704053421,0.010427072721775569,0.01089976600856464,0.010426442773367649,0.01060802251687776,0.008513348810688917,0.012976046489568812,0.012172278781625627,0.010656065414268773,0.011558556563284281,0.010869427722459893,0.011794653090839338,0.012570508133411377,0.01236682442279844,0.010787955875457703,0.009832488076789986,0.010331560476008975,0.013319133791844065,0.012585979765662687,0.009093832637342921,0.011158088578937155,0.010201729304986647,0.00933790571121643,0.009340187176092874,0.010329625361097544,0.009593140033439473,0.008153857039781642,0.008267264784160299,0.006930448967646219
sub-0233,0.01144296604398571,0.009300941302134266,0.009422059076949893,0.010407958303608182,0.009649647568223504,0.010509855121805295,0.009534616617329586,0.00956205107948971,0.009557541709228309,0.010070076423918611,0.008633741853212612,0.011525157321618134,0.010522460968997565,0.008926251636303504,0.011573530723905798,0.01103701402749233,0.010297017754621308,0.009213144815659506,0.010798029701977964,0.011474088910105755,0.010700519984373628,0.011645474530162203,0.011083950618003258,0.011820722268954212,0.011673398930441984,0.0103069906259735,0.010568577217255534,0.010770205624338005,0.006862246496960707,0.009495281517919158,0.010855690366871808,0.011483279985441673,0.012159009653531418,0.009901412837730784,0.01106318326682664,0.011101499489487823,0.010537059060219818,0.011385399448348994,0.010254801584680076,0.009584508310508322,0.010611072802869444,0.011668826425858174,0.010154246434480593,0.010016759761489238,0.009646240528011652,0.00796586127640567,0.010438327825721632,0.009713066731105573,0.010019129651340837,0.010249051221637,0.0100286718618381,0.010709908677446617,0.009273613957619995,0.010044424277950402,0.010505074718518586,0.010876671936864923,0.00788390148343356,0.009232085833584744,0.008527111633272728,0.009765399393231986,0.010346726262783865,0.009579476070453612,0.010185708528512957,0.009748498942799413,0.01024078847204957,0.010669442173835905,0.010140020583492742,0.011505794790621188,0.010045154320812027,0.0105840291917734,0.007412478082962267
sub-0258,0.013008554177498298,0.010015883775861956,0.011490772298781735,0.011119013431881403,0.011972387815839185,0.011554701073012484,0.009900130871589877,0.009803153092280147,0.009245599118849783,0.009953036483949951,0.011446456775474654,0.01108244744490356,0.011048570696317912,0.011589705318907441,0.012705872961970297,0.010324017118381988,0.010148852350146625,0.009124873004211253,0.00941902664040963,0.009447427887451298,0.010508342712308246,0.010482402149741622,0.011637477384250035,0.009608649972769164,0.011768522294922855,0.010208539816022391,0.01279016279588655,0.01159451149255164,0.00967748456163223,0.01150443773246174,0.010520639662849413,0.011534788739424243,0.012689906469915949,0.010391136193708097,0.010808156906908596,0.011352721010775703,0.011600863982525845,0.012385442373992188,0.009769178689216434,0.009649001799136673,0.0096307442332696,0.010645834785627159,0.009248489782357873,0.007923368473662052,0.008643959712818429,0.010783456283145112,0.010469671176389812,0.010990796258615241,0.012136952559005345,0.010506293465614715,0.010181875500164694,0.011308455919327021,0.008840851379320586,0.009440773224143583,0.010837946111579995,0.00860934898594242,0.010843195936369234,0.009462302663953969,0.01023661413442266,0.012424950280561446,0.012403015589623116,0.008129915565146976,0.009591166402359835,0.010209915672106764,0.010100753019183933,0.011201230673499858,0.007645630556339239,0.010110413136405412,0.008151291333671774,0.007382929229977702,0.00709864722375493
sub-0204,0.008023131036198342,0.007846151253605263,0.008136417947030659,0.008072972709560838,0.008216709962619547,0.008182352288034819,0.00815299095608314,0.007971836095713314,0.0080015309563262,0.00816663912840994,0.008175562401200197,0.008202457079661676,0.008117237962176622,0.007743060444027887,0.008733140087996178,0.007795482567432731,0.00847218808912393,0.008148154941389445,0.008129814348436445,0.00792134804829182,0.008002892678334421,0.007997048004179323,0.007988218143177305,0.008184640265436399,0.009642540864325215,0.008251051362321248,0.008734073750110375,0.007922176176726409,0.007890720337349218,0.008208476191517903,0.008091138580507773,0.008010731722974554,0.008807059970587987,0.007956486686985459,0.008061881259476131,0.008336728820936506,0.0077679295393422955,0.007616782255296818,0.007773158664091255,0.007966335225841175,0.00805007858237087,0.008141089712477978,0.007992760487845012,0.008012102210606414,0.007994499830675923,0.007971978492876588,0.008039120483352662,0.008652206546389358,0.008109029980321123,0.008056303813529573,0.008251746016558831,0.00810381478987519,0.008073649803886824,0.008009892361510184,0.008062026538404711,0.00774523319580382,0.008093108478615687,0.008168698102542268,0.008196510452445108,0.007967175634380557,0.007981890462296443,0.008273731776742064,0.00813161980336247,0.00822380362629132,0.007899530264771953,0.0074881774104713595,0.0077061029038386795,0.008174526372848349,0.007965256870158366,0.005632551196378572,0.0064045615071637585
sub-2140,0.009508186953850289,0.009861614807281836,0.010250073021147619,0.010895555149712053,0.00937705383369447,0.009982358701575099,0.010597541038253696,0.009860416593130542,0.009170404793333108,0.009303610011982825,0.008497997163259186,0.00732513853526534,0.010204666736379842,0.007671530188060877,0.00848969258521764,0.010925277546731204,0.011577166534721685,0.011457177053699296,0.009079264072810464,0.009744097227258174,0.009455260043717372,0.012233274652602355,0.00995783321193003,0.010148448096609522,0.007266503168149546,0.007727318797675872,0.007738593804731586,0.007571846335969508,0.005555372457111875,0.009810879787211312,0.012408402882858709,0.010710211998367225,0.008458877067181262,0.009272652777048652,0.0070780352421991235,0.008803437311249501,0.006422400345437275,0.007734056527211766,0.00948996111299403,0.011013102906793115,0.009213394077155865,0.008632216825827694,0.008367577322757436,0.007238324809818452,0.007668245451384735,0.00762017478751606,0.008077497463448031,0.011003876809193357,0.009241236915908384,0.01009589289544196,0.00576664513152634,0.009232500360247517,0.007721628517773749,0.009101039637436067,0.010775658975342993,0.008853375749256388,0.007201024204469831,0.008905166255457253,0.010185310607812628,0.009095756111456601,0.010981591018847235,0.007999390745242807,0.00829865194142298,0.0075302327446374944,0.007995248305420878,0.006977888036244688,0.0063414627983186195,0.007536476963514382,0.006683663291962682,0.007398464318692667,0.007921040018171613
